"","YYYY.MM.DD.DOY.","planting_date","harvest_date","yield","used_biomass","irrigation_demand","precipitation","county","crop","lat","long"
"1","1980-08-27(240)",1980130,1980240,15147.19043,0,421.828766,86.074997,"Okanogan","corn","48.15625N","119.71875W"
"2","1981-08-21(233)",1981130,1981233,15926.3877,0,427.074036,100.550003,"Okanogan","corn","48.15625N","119.71875W"
"3","1982-08-16(228)",1982130,1982228,13489.79102,0,363.383331,97.675003,"Okanogan","corn","48.15625N","119.71875W"
"4","1983-08-19(231)",1983130,1983231,15263.73731,0,382.292114,101.824997,"Okanogan","corn","48.15625N","119.71875W"
"5","1984-08-22(235)",1984130,1984235,13779.91113,0,391.802673,90.575005,"Okanogan","corn","48.15625N","119.71875W"
"6","1985-08-04(216)",1985130,1985216,13920.44824,0,445.965393,28.174999,"Okanogan","corn","48.15625N","119.71875W"
"7","1986-08-10(222)",1986130,1986222,13722.78613,0,405.909058,22.575001,"Okanogan","corn","48.15625N","119.71875W"
"8","1987-08-13(225)",1987130,1987225,14043.31934,0,393.008881,78.824997,"Okanogan","corn","48.15625N","119.71875W"
"9","1988-08-16(229)",1988130,1988229,14365.99219,0,424.182007,50.25,"Okanogan","corn","48.15625N","119.71875W"
"10","1989-08-18(230)",1989130,1989230,13565.94434,0,405.157379,81.974998,"Okanogan","corn","48.15625N","119.71875W"
"11","1990-08-14(226)",1990130,1990226,12872.875,0,385.648712,141.125,"Okanogan","corn","48.15625N","119.71875W"
"12","1991-08-19(231)",1991130,1991231,14308.9541,0,377.364471,115.625,"Okanogan","corn","48.15625N","119.71875W"
"13","1992-08-05(218)",1992130,1992218,12878.33301,0,331.857208,135.199997,"Okanogan","corn","48.15625N","119.71875W"
"14","1993-08-17(229)",1993130,1993229,16326.79199,0,350.894928,142.600006,"Okanogan","corn","48.15625N","119.71875W"
"15","1994-08-09(221)",1994130,1994221,13942.84961,0,412.341064,55.275002,"Okanogan","corn","48.15625N","119.71875W"
"16","1995-08-15(227)",1995130,1995227,14279.04102,0,389.375732,43.150002,"Okanogan","corn","48.15625N","119.71875W"
"17","1996-08-18(231)",1996130,1996231,14089.01367,0,411.801422,55.525002,"Okanogan","corn","48.15625N","119.71875W"
"18","1997-08-18(230)",1997130,1997230,15432.03906,0,376.910767,108.050003,"Okanogan","corn","48.15625N","119.71875W"
"19","1998-08-08(220)",1998130,1998220,12743.04785,0,331.235016,128.099991,"Okanogan","corn","48.15625N","119.71875W"
"20","1999-08-24(236)",1999130,1999236,14235.02832,0,409.907684,41.825001,"Okanogan","corn","48.15625N","119.71875W"
"21","2000-08-17(230)",2000130,2000230,14763.81445,0,416.722443,44.849998,"Okanogan","corn","48.15625N","119.71875W"
"22","2001-08-15(227)",2001130,2001227,15291.72656,0,423.438477,44.674999,"Okanogan","corn","48.15625N","119.71875W"
"23","2002-08-14(226)",2002130,2002226,13515.97461,0,418.662079,27.950001,"Okanogan","corn","48.15625N","119.71875W"
"24","2003-08-06(218)",2003130,2003218,13478.25488,0,422.993256,7.675,"Okanogan","corn","48.15625N","119.71875W"
"25","2004-08-09(222)",2004130,2004222,13306.15234,0,389.310425,78.175003,"Okanogan","corn","48.15625N","119.71875W"
"26","2005-08-13(225)",2005130,2005225,14699.75195,0,401.772583,61.75,"Okanogan","corn","48.15625N","119.71875W"
"27","2006-08-07(219)",2006130,2006219,13865.88574,0,387.842468,72.75,"Okanogan","corn","48.15625N","119.71875W"
"28","2007-08-08(220)",2007130,2007220,13454.44043,0,393.656311,35.475002,"Okanogan","corn","48.15625N","119.71875W"
"29","2008-08-12(225)",2008130,2008225,15096.0625,0,434.888031,33.849998,"Okanogan","corn","48.15625N","119.71875W"
"30","2009-08-04(216)",2009130,2009216,14124.79981,0,414.530609,29.275,"Okanogan","corn","48.15625N","119.71875W"
"31","2010-08-18(230)",2010130,2010230,14373.91406,0,403.557495,112.974998,"Okanogan","corn","48.15625N","119.71875W"
"32","2011-08-26(238)",2011130,2011238,15418.65234,0,426.787994,103.224998,"Okanogan","corn","48.15625N","119.71875W"
"33","2012-08-14(227)",2012130,2012227,13474.34473,0,349.939575,89.724998,"Okanogan","corn","48.15625N","119.71875W"
"34","2013-08-10(222)",2013130,2013222,13646.17383,0,400.795166,78.224998,"Okanogan","corn","48.15625N","119.71875W"
"35","2014-08-05(217)",2014130,2014217,13591.09375,0,389.473602,40.700001,"Okanogan","corn","48.15625N","119.71875W"
"36","2015-07-26(207)",2015130,2015207,11637.11621,0,380.321777,41.875,"Okanogan","corn","48.15625N","119.71875W"
"37","2016-08-13(226)",2016130,2016226,14943.37402,0,403.366577,51.950001,"Okanogan","corn","48.15625N","119.71875W"
"38","2017-08-08(220)",2017130,2017220,13709.53125,0,420.657501,21.424999,"Okanogan","corn","48.15625N","119.71875W"
"39","2018-08-07(219)",2018130,2018219,15536.19336,0,448.912018,23.225,"Okanogan","corn","48.15625N","119.71875W"
"40","2019-08-09(221)",2019130,2019221,14588.97949,0,425.089081,56.224998,"Okanogan","corn","48.15625N","119.71875W"
"41","1980-09-10(254)",1980130,1980254,15388.46289,0,384,121.825005,"Okanogan","corn","48.96875N","119.65625W"
"42","1981-08-27(239)",1981130,1981239,16368.91602,0,376,132.75,"Okanogan","corn","48.96875N","119.65625W"
"43","1982-08-23(235)",1982130,1982235,13301.2207,0,296,139.625,"Okanogan","corn","48.96875N","119.65625W"
"44","1983-08-28(240)",1983130,1983240,16489.55078,0,320,142.625,"Okanogan","corn","48.96875N","119.65625W"
"45","1984-08-31(244)",1984130,1984244,13787.7002,0,352,125.25,"Okanogan","corn","48.96875N","119.65625W"
"46","1985-08-13(225)",1985130,1985225,13424.77832,0,384,49.024998,"Okanogan","corn","48.96875N","119.65625W"
"47","1986-08-17(229)",1986130,1986229,14312.48535,0,384,44.799999,"Okanogan","corn","48.96875N","119.65625W"
"48","1987-08-24(236)",1987130,1987236,14123.3418,0,336,110.200005,"Okanogan","corn","48.96875N","119.65625W"
"49","1988-08-27(240)",1988130,1988240,14701.77051,0,400,70.200005,"Okanogan","corn","48.96875N","119.65625W"
"50","1989-08-30(242)",1989130,1989242,14870.94043,0,384,122.725006,"Okanogan","corn","48.96875N","119.65625W"
"51","1990-08-23(235)",1990130,1990235,13013.8584,0,336,209.699997,"Okanogan","corn","48.96875N","119.65625W"
"52","1991-08-28(240)",1991130,1991240,14650.50684,0,336,137.199997,"Okanogan","corn","48.96875N","119.65625W"
"53","1992-08-14(227)",1992130,1992227,13550.9541,0,272,166.474991,"Okanogan","corn","48.96875N","119.65625W"
"54","1993-08-30(242)",1993130,1993242,17866.1582,0,320,179.900009,"Okanogan","corn","48.96875N","119.65625W"
"55","1994-08-18(230)",1994130,1994230,13886.27539,0,376,77.325005,"Okanogan","corn","48.96875N","119.65625W"
"56","1995-08-28(240)",1995130,1995240,15034.63672,0,352,74.5,"Okanogan","corn","48.96875N","119.65625W"
"57","1996-08-27(240)",1996130,1996240,14559.42773,0,384,90.300003,"Okanogan","corn","48.96875N","119.65625W"
"58","1997-08-25(237)",1997130,1997237,16117.01172,0,336,149.774994,"Okanogan","corn","48.96875N","119.65625W"
"59","1998-08-14(226)",1998130,1998226,13046.94922,0,312,152.899994,"Okanogan","corn","48.96875N","119.65625W"
"60","1999-09-09(252)",1999130,1999252,14432.71484,0,360,82.050003,"Okanogan","corn","48.96875N","119.65625W"
"61","2000-08-28(241)",2000130,2000241,15099.58106,0,400,57.424999,"Okanogan","corn","48.96875N","119.65625W"
"62","2001-08-23(235)",2001130,2001235,15866.76367,0,392,58.799999,"Okanogan","corn","48.96875N","119.65625W"
"63","2002-08-22(234)",2002130,2002234,13698.40234,0,392,40.049999,"Okanogan","corn","48.96875N","119.65625W"
"64","2003-08-12(224)",2003130,2003224,13012.73633,0,400,10.975,"Okanogan","corn","48.96875N","119.65625W"
"65","2004-08-15(228)",2004130,2004228,13312.25195,0,352,111.325005,"Okanogan","corn","48.96875N","119.65625W"
"66","2005-08-22(234)",2005130,2005234,15176.01953,0,368,95.449997,"Okanogan","corn","48.96875N","119.65625W"
"67","2006-08-14(226)",2006130,2006226,13616.83496,0,352,85.900002,"Okanogan","corn","48.96875N","119.65625W"
"68","2007-08-15(227)",2007130,2007227,13292.56055,0,360,51.075001,"Okanogan","corn","48.96875N","119.65625W"
"69","2008-08-18(231)",2008130,2008231,15963.22559,0,408,66.950005,"Okanogan","corn","48.96875N","119.65625W"
"70","2009-08-13(225)",2009130,2009225,13059.22754,0,368,50.074997,"Okanogan","corn","48.96875N","119.65625W"
"71","2010-08-30(242)",2010130,2010242,14907.5293,0,392,156.449997,"Okanogan","corn","48.96875N","119.65625W"
"72","2011-08-30(242)",2011130,2011242,16533.98242,0,440,123.324997,"Okanogan","corn","48.96875N","119.65625W"
"73","2012-08-17(230)",2012130,2012230,13871.75,0,320,113.925003,"Okanogan","corn","48.96875N","119.65625W"
"74","2013-08-12(224)",2013130,2013224,13004.92676,0,344,100.574997,"Okanogan","corn","48.96875N","119.65625W"
"75","2014-08-14(226)",2014130,2014226,13270.83106,0,352,54.875,"Okanogan","corn","48.96875N","119.65625W"
"76","2015-08-04(216)",2015130,2015216,12212.22559,0,344,57.150002,"Okanogan","corn","48.96875N","119.65625W"
"77","2016-08-18(231)",2016130,2016231,13540.8584,0,336,93.774994,"Okanogan","corn","48.96875N","119.65625W"
"78","2017-08-12(224)",2017130,2017224,13587.65918,0,408,47.674999,"Okanogan","corn","48.96875N","119.65625W"
"79","2018-08-11(223)",2018130,2018223,16134.57422,0,416,39.849998,"Okanogan","corn","48.96875N","119.65625W"
"80","2019-08-13(225)",2019130,2019225,14590.85254,0,392,93.300003,"Okanogan","corn","48.96875N","119.65625W"
"81","1981-07-16(197)",1980258,1981197,10366.39844,0,405.128357,310.875,"Okanogan","wheat","48.15625N","119.71875W"
"82","1982-07-15(196)",1981258,1982196,9457.986328,0,414.090546,381.25,"Okanogan","wheat","48.15625N","119.71875W"
"83","1983-07-10(191)",1982258,1983191,10061.19336,0,407.043427,463.625,"Okanogan","wheat","48.15625N","119.71875W"
"84","1984-07-21(203)",1983258,1984203,10281.16895,0,433.641724,412.725006,"Okanogan","wheat","48.15625N","119.71875W"
"85","1985-07-17(198)",1984258,1985198,8995.089844,0,490.535095,226.75,"Okanogan","wheat","48.15625N","119.71875W"
"86","1986-07-14(195)",1985258,1986195,8952.376953,0,483.462463,245.699997,"Okanogan","wheat","48.15625N","119.71875W"
"87","1987-07-02(183)",1986258,1987183,8872.629883,0,449.233368,254.375015,"Okanogan","wheat","48.15625N","119.71875W"
"88","1988-07-02(184)",1987258,1988184,9600.966797,0,369.773621,245.149994,"Okanogan","wheat","48.15625N","119.71875W"
"89","1989-07-16(197)",1988258,1989197,9374.800781,0,433.866516,295.949982,"Okanogan","wheat","48.15625N","119.71875W"
"90","1990-07-05(186)",1989258,1990186,9798.738281,0,328.411163,288.899994,"Okanogan","wheat","48.15625N","119.71875W"
"91","1991-07-08(189)",1990258,1991189,10281.00977,0,370.405884,253.800003,"Okanogan","wheat","48.15625N","119.71875W"
"92","1992-06-23(175)",1991258,1992175,9679.865234,0,449.144653,217.700012,"Okanogan","wheat","48.15625N","119.71875W"
"93","1993-07-16(197)",1992258,1993197,9187.69043,0,389.319489,329.425018,"Okanogan","wheat","48.15625N","119.71875W"
"94","1994-07-11(192)",1993258,1994192,9713.485352,0,400.573608,239.150009,"Okanogan","wheat","48.15625N","119.71875W"
"95","1995-07-04(185)",1994258,1995185,9961.395508,0,411.257568,404.75,"Okanogan","wheat","48.15625N","119.71875W"
"96","1996-07-15(197)",1995258,1996197,10185.79395,0,428.03894,324,"Okanogan","wheat","48.15625N","119.71875W"
"97","1997-07-25(206)",1996258,1997206,9400.491211,0,375.520386,411.924988,"Okanogan","wheat","48.15625N","119.71875W"
"98","1998-07-06(187)",1997258,1998187,9592.926758,0,345.556946,416.850006,"Okanogan","wheat","48.15625N","119.71875W"
"99","1999-07-16(197)",1998258,1999197,10261.41309,0,441.541931,318.950012,"Okanogan","wheat","48.15625N","119.71875W"
"100","2000-07-07(189)",1999258,2000189,10146.68555,0,426.820007,248.699997,"Okanogan","wheat","48.15625N","119.71875W"
"101","2001-07-18(199)",2000258,2001199,9665.266602,0,477.826477,184.974991,"Okanogan","wheat","48.15625N","119.71875W"
"102","2002-07-12(193)",2001258,2002193,9913.212891,0,477.818115,253.149994,"Okanogan","wheat","48.15625N","119.71875W"
"103","2003-07-07(188)",2002258,2003188,9778.816406,0,416.644348,301.099976,"Okanogan","wheat","48.15625N","119.71875W"
"104","2004-06-30(182)",2003258,2004182,10060.78516,0,407.361084,252.950012,"Okanogan","wheat","48.15625N","119.71875W"
"105","2005-07-08(189)",2004258,2005189,9948.705078,0,371.775391,258.450012,"Okanogan","wheat","48.15625N","119.71875W"
"106","2006-07-08(189)",2005258,2006189,9762.585938,0,392.184937,408.225006,"Okanogan","wheat","48.15625N","119.71875W"
"107","2007-07-13(194)",2006258,2007194,9856.399414,0,463.196594,271.899994,"Okanogan","wheat","48.15625N","119.71875W"
"108","2008-07-17(199)",2007258,2008199,9299.320312,0,470.379578,216.675003,"Okanogan","wheat","48.15625N","119.71875W"
"109","2009-07-06(187)",2008258,2009187,9703.055664,0,478.874542,241.824997,"Okanogan","wheat","48.15625N","119.71875W"
"110","2010-07-09(190)",2009258,2010190,10713.64844,0,375.775574,339.100006,"Okanogan","wheat","48.15625N","119.71875W"
"111","2011-07-22(203)",2010258,2011203,10101.11426,0,413.620239,370.149994,"Okanogan","wheat","48.15625N","119.71875W"
"112","2012-07-17(199)",2011258,2012199,9671.439453,0,423.386505,304.600006,"Okanogan","wheat","48.15625N","119.71875W"
"113","2013-07-03(184)",2012258,2013184,9643.489258,0,381.744354,329.699982,"Okanogan","wheat","48.15625N","119.71875W"
"114","2014-07-06(187)",2013258,2014187,10076.6543,0,450.203064,210.375,"Okanogan","wheat","48.15625N","119.71875W"
"115","2015-06-19(170)",2014258,2015170,9262.867188,0,372.540253,293.574982,"Okanogan","wheat","48.15625N","119.71875W"
"116","2016-06-26(178)",2015258,2016178,9408.008789,0,407.084473,410.849976,"Okanogan","wheat","48.15625N","119.71875W"
"117","2017-07-04(185)",2016258,2017185,9699.069336,0,388.100708,437.674988,"Okanogan","wheat","48.15625N","119.71875W"
"118","2018-07-11(192)",2017258,2018192,9240.329102,0,426.761505,362.899994,"Okanogan","wheat","48.15625N","119.71875W"
"119","2019-07-08(189)",2018258,2019189,9537.6875,0,437.009583,243.550003,"Okanogan","wheat","48.15625N","119.71875W"
"120","1981-07-31(212)",1980258,1981212,10589.4707,0,369.552887,346.949982,"Okanogan","wheat","48.53125N","119.59375W"
"121","1982-07-29(210)",1981258,1982210,8937.667969,0,389.367493,458.625,"Okanogan","wheat","48.53125N","119.59375W"
"122","1983-07-25(206)",1982258,1983206,9727.40918,0,342.042694,548.099976,"Okanogan","wheat","48.53125N","119.59375W"
"123","1984-08-03(216)",1983258,1984216,9333.15332,0,367.860626,449,"Okanogan","wheat","48.53125N","119.59375W"
"124","1985-07-27(208)",1984258,1985208,7832.006836,0,407.472839,223.550003,"Okanogan","wheat","48.53125N","119.59375W"
"125","1986-07-30(211)",1985258,1986211,8023.29248,0,429.532928,249.950012,"Okanogan","wheat","48.53125N","119.59375W"
"126","1987-07-15(196)",1986258,1987196,8720.053711,0,391.937469,289.524994,"Okanogan","wheat","48.53125N","119.59375W"
"127","1988-07-22(204)",1987258,1988204,9971.100586,0,347.039886,275.125,"Okanogan","wheat","48.53125N","119.59375W"
"128","1989-07-27(208)",1988258,1989208,9687.779297,0,398.055634,352.725006,"Okanogan","wheat","48.53125N","119.59375W"
"129","1990-07-21(202)",1989258,1990202,10064.52539,0,292.320404,368.625,"Okanogan","wheat","48.53125N","119.59375W"
"130","1991-07-26(207)",1990258,1991207,10120.98828,0,349.759308,284.175018,"Okanogan","wheat","48.53125N","119.59375W"
"131","1992-07-07(189)",1991258,1992189,8923.71582,0,406.910065,286.625,"Okanogan","wheat","48.53125N","119.59375W"
"132","1993-08-06(218)",1992258,1993218,9503.443359,0,327.667419,372.824982,"Okanogan","wheat","48.53125N","119.59375W"
"133","1994-07-24(205)",1993258,1994205,9941.849609,0,380.21698,261.274994,"Okanogan","wheat","48.53125N","119.59375W"
"134","1995-07-20(201)",1994258,1995201,10063.09277,0,390.923096,430.049988,"Okanogan","wheat","48.53125N","119.59375W"
"135","1996-07-31(213)",1995258,1996213,9583.253906,0,374.393372,354.149994,"Okanogan","wheat","48.53125N","119.59375W"
"136","1997-08-08(220)",1996258,1997220,9529.750977,0,331.053375,499.549988,"Okanogan","wheat","48.53125N","119.59375W"
"137","1998-07-26(207)",1997258,1998207,9059.033203,0,336.667419,504,"Okanogan","wheat","48.53125N","119.59375W"
"138","1999-08-04(216)",1998258,1999216,9859.875,0,444.972046,340.325012,"Okanogan","wheat","48.53125N","119.59375W"
"139","2000-07-24(206)",1999258,2000206,10269.21582,0,419.351746,264.774994,"Okanogan","wheat","48.53125N","119.59375W"
"140","2001-08-03(215)",2000258,2001215,9418.172852,0,431.7034,198.824997,"Okanogan","wheat","48.53125N","119.59375W"
"141","2002-07-27(208)",2001258,2002208,9054.194336,0,433.059479,266.350006,"Okanogan","wheat","48.53125N","119.59375W"
"142","2003-07-22(203)",2002258,2003203,9514.079102,0,414.748138,305.025024,"Okanogan","wheat","48.53125N","119.59375W"
"143","2004-07-26(208)",2003258,2004208,9766.050781,0,415.687134,304.049988,"Okanogan","wheat","48.53125N","119.59375W"
"144","2005-07-23(204)",2004258,2005204,10044.67285,0,363.586914,284.325012,"Okanogan","wheat","48.53125N","119.59375W"
"145","2006-07-23(204)",2005258,2006204,9098.462891,0,375.817291,444.400024,"Okanogan","wheat","48.53125N","119.59375W"
"146","2007-07-25(206)",2006258,2007206,9011.736328,0,420.180756,289.225006,"Okanogan","wheat","48.53125N","119.59375W"
"147","2008-08-01(214)",2007258,2008214,8933.947266,0,431.682648,272.875,"Okanogan","wheat","48.53125N","119.59375W"
"148","2009-07-23(204)",2008258,2009204,9422.600586,0,445.99353,265.549988,"Okanogan","wheat","48.53125N","119.59375W"
"149","2010-07-25(206)",2009258,2010206,10656.10449,0,342.744965,400.974976,"Okanogan","wheat","48.53125N","119.59375W"
"150","2011-08-10(222)",2010258,2011222,10052.21387,0,363.709351,403.975006,"Okanogan","wheat","48.53125N","119.59375W"
"151","2012-07-31(213)",2011258,2012213,9490.328125,0,358.450287,385.475006,"Okanogan","wheat","48.53125N","119.59375W"
"152","2013-07-17(198)",2012258,2013198,9461.579102,0,344.254395,367.924988,"Okanogan","wheat","48.53125N","119.59375W"
"153","2014-07-20(201)",2013258,2014201,9772.993164,0,404.52597,240.75,"Okanogan","wheat","48.53125N","119.59375W"
"154","2015-07-01(182)",2014258,2015182,9635.931641,0,343.176056,328.599976,"Okanogan","wheat","48.53125N","119.59375W"
"155","2016-07-12(194)",2015258,2016194,9923.104492,0,357.44162,395.375,"Okanogan","wheat","48.53125N","119.59375W"
"156","2017-07-20(201)",2016258,2017201,9365.825195,0,364.389099,430.599976,"Okanogan","wheat","48.53125N","119.59375W"
"157","2018-07-22(203)",2017258,2018203,9250.360352,0,402.916687,367.149994,"Okanogan","wheat","48.53125N","119.59375W"
"158","2019-07-21(202)",2018258,2019202,9705.515625,0,416.270294,280.549988,"Okanogan","wheat","48.53125N","119.59375W"
"159","1980-09-09(253)",1980130,1980253,11813.36719,0,330,80.324997,"WallaWalla","corn","46.03125N","118.21875W"
"160","1981-08-30(242)",1981130,1981242,11119.98926,0,300,116.25,"WallaWalla","corn","46.03125N","118.21875W"
"161","1982-08-26(238)",1982130,1982238,9847.889648,0,240,69.75,"WallaWalla","corn","46.03125N","118.21875W"
"162","1983-08-28(240)",1983130,1983240,12115.31543,0,300,91.975006,"WallaWalla","corn","46.03125N","118.21875W"
"163","1984-08-31(244)",1984130,1984244,10069.06641,0,270,97.324997,"WallaWalla","corn","46.03125N","118.21875W"
"164","1985-08-23(235)",1985130,1985235,7712.772461,0,210,72.300003,"WallaWalla","corn","46.03125N","118.21875W"
"165","1986-08-20(232)",1986130,1986232,11156.93945,0,300,50.200001,"WallaWalla","corn","46.03125N","118.21875W"
"166","1987-08-28(240)",1987130,1987240,11352.62988,0,300,80.825005,"WallaWalla","corn","46.03125N","118.21875W"
"167","1988-08-28(241)",1988130,1988241,9968.348633,0,300,63.225002,"WallaWalla","corn","46.03125N","118.21875W"
"168","1989-09-05(248)",1989130,1989248,10972.44824,0,330,70.600006,"WallaWalla","corn","46.03125N","118.21875W"
"169","1990-08-25(237)",1990130,1990237,7634.922363,0,240,108.400002,"WallaWalla","corn","46.03125N","118.21875W"
"170","1991-09-01(244)",1991130,1991244,10785.10156,0,300,156.425003,"WallaWalla","corn","46.03125N","118.21875W"
"171","1992-08-18(231)",1992130,1992231,10382.55664,0,240,83.775002,"WallaWalla","corn","46.03125N","118.21875W"
"172","1993-09-03(246)",1993130,1993246,14009.10645,0,300,158.150009,"WallaWalla","corn","46.03125N","118.21875W"
"173","1994-08-21(233)",1994130,1994233,8605.393555,0,240,72.724998,"WallaWalla","corn","46.03125N","118.21875W"
"174","1995-09-02(245)",1995130,1995245,11777.22656,0,270,96.25,"WallaWalla","corn","46.03125N","118.21875W"
"175","1996-08-28(241)",1996130,1996241,10752.31836,0,300,77.200005,"WallaWalla","corn","46.03125N","118.21875W"
"176","1997-08-24(236)",1997130,1997236,12611.91992,0,330,63.225002,"WallaWalla","corn","46.03125N","118.21875W"
"177","1998-08-22(234)",1998130,1998234,9526.53125,0,270,79.824997,"WallaWalla","corn","46.03125N","118.21875W"
"178","1999-08-30(242)",1999130,1999242,11785.30469,0,360,30.9,"WallaWalla","corn","46.03125N","118.21875W"
"179","2000-08-27(240)",2000130,2000240,8763.862305,0,240,81.024994,"WallaWalla","corn","46.03125N","118.21875W"
"180","2001-08-26(238)",2001130,2001238,10463.40625,0,300,64.450005,"WallaWalla","corn","46.03125N","118.21875W"
"181","2002-08-25(237)",2002130,2002237,10942.26758,0,330,72.175003,"WallaWalla","corn","46.03125N","118.21875W"
"182","2003-08-19(231)",2003130,2003231,8858.876953,0,270,22.9,"WallaWalla","corn","46.03125N","118.21875W"
"183","2004-08-21(234)",2004130,2004234,9538.293945,0,270,111.5,"WallaWalla","corn","46.03125N","118.21875W"
"184","2005-08-23(235)",2005130,2005235,11267.06934,0,360,64.800003,"WallaWalla","corn","46.03125N","118.21875W"
"185","2006-08-20(232)",2006130,2006232,10137.55566,0,270,87.799995,"WallaWalla","corn","46.03125N","118.21875W"
"186","2007-08-19(231)",2007130,2007231,9716.932617,0,270,46.375,"WallaWalla","corn","46.03125N","118.21875W"
"187","2008-08-25(238)",2008130,2008238,8256.004883,0,240,79.900002,"WallaWalla","corn","46.03125N","118.21875W"
"188","2009-08-20(232)",2009130,2009232,10557.33106,0,300,75.899994,"WallaWalla","corn","46.03125N","118.21875W"
"189","2010-09-05(248)",2010130,2010248,9756.083008,0,300,111.100006,"WallaWalla","corn","46.03125N","118.21875W"
"190","2011-09-10(253)",2011130,2011253,11895.66113,0,360,100.800003,"WallaWalla","corn","46.03125N","118.21875W"
"191","2012-08-28(241)",2012130,2012241,10824.30078,0,270,102.174995,"WallaWalla","corn","46.03125N","118.21875W"
"192","2013-08-21(233)",2013130,2013233,8933.939453,0,240,77.200005,"WallaWalla","corn","46.03125N","118.21875W"
"193","2014-08-17(229)",2014130,2014229,10651.44141,0,330,50.25,"WallaWalla","corn","46.03125N","118.21875W"
"194","2015-08-05(217)",2015130,2015217,5909.680176,0,180,46.599998,"WallaWalla","corn","46.03125N","118.21875W"
"195","2016-08-27(240)",2016130,2016240,11672.60645,0,330,71.525002,"WallaWalla","corn","46.03125N","118.21875W"
"196","2017-08-22(234)",2017130,2017234,9282.505859,0,270,26.950001,"WallaWalla","corn","46.03125N","118.21875W"
"197","2018-08-22(234)",2018130,2018234,9878.321289,0,330,5.5,"WallaWalla","corn","46.03125N","118.21875W"
"198","2019-08-28(240)",2019130,2019240,11113.35742,0,330,64.974998,"WallaWalla","corn","46.03125N","118.21875W"
"199","1980-09-10(254)",1980130,1980254,12988.31738,0,433.880096,72.375,"WallaWalla","corn","46.28125N","118.65625W"
"200","1981-09-01(244)",1981130,1981244,13176.18652,0,434.721313,90.25,"WallaWalla","corn","46.28125N","118.65625W"
"201","1982-08-26(238)",1982130,1982238,11972.65723,0,376.667389,55.325001,"WallaWalla","corn","46.28125N","118.65625W"
"202","1983-08-29(241)",1983130,1983241,13456.93555,0,411.151733,61.949997,"WallaWalla","corn","46.28125N","118.65625W"
"203","1984-09-01(245)",1984130,1984245,11948.41992,0,416.755951,71.800003,"WallaWalla","corn","46.28125N","118.65625W"
"204","1985-08-23(235)",1985130,1985235,11844.79004,0,438.867218,47.075001,"WallaWalla","corn","46.28125N","118.65625W"
"205","1986-08-22(234)",1986130,1986234,12810.99805,0,429.748749,35.599998,"WallaWalla","corn","46.28125N","118.65625W"
"206","1987-08-29(241)",1987130,1987241,12425.32227,0,399.835114,58.674999,"WallaWalla","corn","46.28125N","118.65625W"
"207","1988-08-27(240)",1988130,1988240,12646.63379,0,436.833405,53.924999,"WallaWalla","corn","46.28125N","118.65625W"
"208","1989-09-04(247)",1989130,1989247,12880.21191,0,432.542389,46.975002,"WallaWalla","corn","46.28125N","118.65625W"
"209","1990-08-24(236)",1990130,1990236,11068.8457,0,410.101868,72.850006,"WallaWalla","corn","46.28125N","118.65625W"
"210","1991-08-31(243)",1991130,1991243,12232.41309,0,403.47522,103.625,"WallaWalla","corn","46.28125N","118.65625W"
"211","1992-08-17(230)",1992130,1992230,11685.02832,0,369.830139,63.199997,"WallaWalla","corn","46.28125N","118.65625W"
"212","1993-09-02(245)",1993130,1993245,14463.79199,0,395.126068,104.224998,"WallaWalla","corn","46.28125N","118.65625W"
"213","1994-08-21(233)",1994130,1994233,12207.2002,0,435.720154,66.950005,"WallaWalla","corn","46.28125N","118.65625W"
"214","1995-09-02(245)",1995130,1995245,13128.45117,0,391.434326,75.450005,"WallaWalla","corn","46.28125N","118.65625W"
"215","1996-08-29(242)",1996130,1996242,12479.73438,0,412.475891,63.699997,"WallaWalla","corn","46.28125N","118.65625W"
"216","1997-08-25(237)",1997130,1997237,13057.29785,0,393.114044,50.174999,"WallaWalla","corn","46.28125N","118.65625W"
"217","1998-08-23(235)",1998130,1998235,10904,0,369.140961,59.75,"WallaWalla","corn","46.28125N","118.65625W"
"218","1999-09-03(246)",1999130,1999246,12704.33594,0,431.391205,29.475,"WallaWalla","corn","46.28125N","118.65625W"
"219","2000-08-28(241)",2000130,2000241,12842.41992,0,432.772705,61.75,"WallaWalla","corn","46.28125N","118.65625W"
"220","2001-08-27(239)",2001130,2001239,12877.08008,0,428.548859,45.225002,"WallaWalla","corn","46.28125N","118.65625W"
"221","2002-08-26(238)",2002130,2002238,12224.43652,0,414.314301,54.775002,"WallaWalla","corn","46.28125N","118.65625W"
"222","2003-08-19(231)",2003130,2003231,12251.32129,0,455.953064,15.525001,"WallaWalla","corn","46.28125N","118.65625W"
"223","2004-08-21(234)",2004130,2004234,11831.09961,0,417.263306,84.574997,"WallaWalla","corn","46.28125N","118.65625W"
"224","2005-08-23(235)",2005130,2005235,12456.41113,0,455.278992,49.299999,"WallaWalla","corn","46.28125N","118.65625W"
"225","2006-08-20(232)",2006130,2006232,12207.26563,0,414.110809,76.049995,"WallaWalla","corn","46.28125N","118.65625W"
"226","2007-08-21(233)",2007130,2007233,12701.68066,0,430.699402,40.350002,"WallaWalla","corn","46.28125N","118.65625W"
"227","2008-08-25(238)",2008130,2008238,12924.77734,0,452.130005,50.424999,"WallaWalla","corn","46.28125N","118.65625W"
"228","2009-08-20(232)",2009130,2009232,12633.14746,0,428.509705,37.849998,"WallaWalla","corn","46.28125N","118.65625W"
"229","2010-09-02(245)",2010130,2010245,12414.77148,0,433.258545,90.175003,"WallaWalla","corn","46.28125N","118.65625W"
"230","2011-09-10(253)",2011130,2011253,13461.63184,0,454.989899,76.799995,"WallaWalla","corn","46.28125N","118.65625W"
"231","2012-08-28(241)",2012130,2012241,12174.80762,0,371.709076,88.224998,"WallaWalla","corn","46.28125N","118.65625W"
"232","2013-08-21(233)",2013130,2013233,11805.74609,0,411.858521,61.549999,"WallaWalla","corn","46.28125N","118.65625W"
"233","2014-08-15(227)",2014130,2014227,11907.67285,0,415.913177,32.900002,"WallaWalla","corn","46.28125N","118.65625W"
"234","2015-08-08(220)",2015130,2015220,10773.60742,0,411.378693,37.875,"WallaWalla","corn","46.28125N","118.65625W"
"235","2016-08-29(242)",2016130,2016242,13316.7207,0,432.306976,56.274998,"WallaWalla","corn","46.28125N","118.65625W"
"236","2017-08-29(241)",2017130,2017241,12067.32227,0,455.766205,18.85,"WallaWalla","corn","46.28125N","118.65625W"
"237","2018-08-30(242)",2018130,2018242,13542.71875,0,485.521301,3.575,"WallaWalla","corn","46.28125N","118.65625W"
"238","2019-08-27(239)",2019130,2019239,13604.5957,0,468.769379,33.950001,"WallaWalla","corn","46.28125N","118.65625W"
"239","1981-07-05(186)",1980258,1981186,9379.30957,0,340,438.5,"WallaWalla","wheat","46.03125N","118.21875W"
"240","1982-07-14(195)",1981258,1982195,8867.324219,0,440,434.125,"WallaWalla","wheat","46.03125N","118.21875W"
"241","1983-07-09(190)",1982258,1983190,9183.512695,0,378.581787,477.774994,"WallaWalla","wheat","46.03125N","118.21875W"
"242","1984-07-16(198)",1983258,1984198,9386.459961,0,359.324097,480.149994,"WallaWalla","wheat","46.03125N","118.21875W"
"243","1985-07-21(202)",1984258,1985202,8000.95752,0,520,322.875,"WallaWalla","wheat","46.03125N","118.21875W"
"244","1986-07-21(202)",1985258,1986202,8052.625488,0,480,395.524994,"WallaWalla","wheat","46.03125N","118.21875W"
"245","1987-07-07(188)",1986258,1987188,7985.886719,0,460,347.375,"WallaWalla","wheat","46.03125N","118.21875W"
"246","1988-07-05(187)",1987258,1988187,9009.512695,0,397.333954,304.25,"WallaWalla","wheat","46.03125N","118.21875W"
"247","1989-07-22(203)",1988258,1989203,8441.114258,0,440,395.399994,"WallaWalla","wheat","46.03125N","118.21875W"
"248","1990-07-08(189)",1989258,1990189,8869.250977,0,397.73349,318.150024,"WallaWalla","wheat","46.03125N","118.21875W"
"249","1991-07-12(193)",1990258,1991193,9671.610352,0,380,419.225006,"WallaWalla","wheat","46.03125N","118.21875W"
"250","1992-06-24(176)",1991258,1992176,8102.092773,0,420,292.774994,"WallaWalla","wheat","46.03125N","118.21875W"
"251","1993-07-28(209)",1992258,1993209,8721.884766,0,359.246338,463.299988,"WallaWalla","wheat","46.03125N","118.21875W"
"252","1994-07-14(195)",1993258,1994195,8152.139648,0,460,270.975006,"WallaWalla","wheat","46.03125N","118.21875W"
"253","1995-07-04(185)",1994258,1995185,8968.960938,0,318.035614,502.075012,"WallaWalla","wheat","46.03125N","118.21875W"
"254","1996-07-13(195)",1995258,1996195,9065.310547,0,359.76358,514.625,"WallaWalla","wheat","46.03125N","118.21875W"
"255","1997-07-21(202)",1996258,1997202,8259.883789,0,419.266815,524.174988,"WallaWalla","wheat","46.03125N","118.21875W"
"256","1998-07-07(188)",1997258,1998188,8874.030273,0,360,351.375,"WallaWalla","wheat","46.03125N","118.21875W"
"257","1999-07-07(188)",1998258,1999188,9479.591797,0,437.165955,322.399994,"WallaWalla","wheat","46.03125N","118.21875W"
"258","2000-07-06(188)",1999258,2000188,9274.950195,0,395.923859,429.424988,"WallaWalla","wheat","46.03125N","118.21875W"
"259","2001-07-22(203)",2000258,2001203,8519.750977,0,459.725983,341.075012,"WallaWalla","wheat","46.03125N","118.21875W"
"260","2002-07-08(189)",2001258,2002189,9235.186523,0,420,346.375,"WallaWalla","wheat","46.03125N","118.21875W"
"261","2003-07-06(187)",2002258,2003187,9037.977539,0,397.189453,380.5,"WallaWalla","wheat","46.03125N","118.21875W"
"262","2004-07-10(192)",2003258,2004192,9081.859375,0,418.417206,412.925018,"WallaWalla","wheat","46.03125N","118.21875W"
"263","2005-07-11(192)",2004258,2005192,8970.077148,0,417.424927,281.850006,"WallaWalla","wheat","46.03125N","118.21875W"
"264","2006-07-10(191)",2005258,2006191,9027.793945,0,374.410522,447.924988,"WallaWalla","wheat","46.03125N","118.21875W"
"265","2007-07-20(201)",2006258,2007201,8252.413086,0,518.367859,370.050018,"WallaWalla","wheat","46.03125N","118.21875W"
"266","2008-07-19(201)",2007258,2008201,9064.884766,0,480,335.475006,"WallaWalla","wheat","46.03125N","118.21875W"
"267","2009-07-14(195)",2008258,2009195,8971.533203,0,440,407.974976,"WallaWalla","wheat","46.03125N","118.21875W"
"268","2010-07-16(197)",2009258,2010197,9772.943359,0,417.521027,361.550018,"WallaWalla","wheat","46.03125N","118.21875W"
"269","2011-07-22(203)",2010258,2011203,9853.663086,0,359.967987,538.450012,"WallaWalla","wheat","46.03125N","118.21875W"
"270","2012-07-15(197)",2011258,2012197,9409.611328,0,340,466.075012,"WallaWalla","wheat","46.03125N","118.21875W"
"271","2013-07-05(186)",2012258,2013186,9163.912109,0,380,382.474976,"WallaWalla","wheat","46.03125N","118.21875W"
"272","2014-07-11(192)",2013258,2014192,9081.696289,0,480,357.075012,"WallaWalla","wheat","46.03125N","118.21875W"
"273","2015-06-14(165)",2014258,2015165,8555.816406,0,379.084137,337.450012,"WallaWalla","wheat","46.03125N","118.21875W"
"274","2016-06-19(171)",2015258,2016171,8308.466797,0,378.040009,349.325012,"WallaWalla","wheat","46.03125N","118.21875W"
"275","2017-07-12(193)",2016258,2017193,9174.725586,0,400,474,"WallaWalla","wheat","46.03125N","118.21875W"
"276","2018-07-13(194)",2017258,2018194,8546.616211,0,480,363.449982,"WallaWalla","wheat","46.03125N","118.21875W"
"277","2019-07-15(196)",2018258,2019196,8874.481445,0,457.201996,424.300018,"WallaWalla","wheat","46.03125N","118.21875W"
"278","1981-07-05(186)",1980258,1981186,9165.03125,0,208,438.5,"WallaWalla","wheat","46.03125N","118.40625W"
"279","1982-07-14(195)",1981258,1982195,8260.193359,0,312,434.125,"WallaWalla","wheat","46.03125N","118.40625W"
"280","1983-07-08(189)",1982258,1983189,8502.444336,0,272,476.524994,"WallaWalla","wheat","46.03125N","118.40625W"
"281","1984-07-15(197)",1983258,1984197,8576.367188,0,232,480.149994,"WallaWalla","wheat","46.03125N","118.40625W"
"282","1985-07-21(202)",1984258,1985202,5828.801758,0,296,322.875,"WallaWalla","wheat","46.03125N","118.40625W"
"283","1986-07-21(202)",1985258,1986202,6842.979004,0,328,395.524994,"WallaWalla","wheat","46.03125N","118.40625W"
"284","1987-07-07(188)",1986258,1987188,6568.633301,0,304,347.375,"WallaWalla","wheat","46.03125N","118.40625W"
"285","1988-07-05(187)",1987258,1988187,7828.093262,0,336,304.25,"WallaWalla","wheat","46.03125N","118.40625W"
"286","1989-07-22(203)",1988258,1989203,7088.428223,0,288,395.399994,"WallaWalla","wheat","46.03125N","118.40625W"
"287","1990-07-07(188)",1989258,1990188,7947.978516,0,384,318.150024,"WallaWalla","wheat","46.03125N","118.40625W"
"288","1991-07-11(192)",1990258,1991192,9234.928711,0,344,416.824982,"WallaWalla","wheat","46.03125N","118.40625W"
"289","1992-06-23(175)",1991258,1992175,6642.043945,0,304,292.774994,"WallaWalla","wheat","46.03125N","118.40625W"
"290","1993-07-27(208)",1992258,1993208,8061.477539,0,256,463.299988,"WallaWalla","wheat","46.03125N","118.40625W"
"291","1994-07-14(195)",1993258,1994195,6494.870605,0,296,270.975006,"WallaWalla","wheat","46.03125N","118.40625W"
"292","1995-07-04(185)",1994258,1995185,8644.523438,0,208,502.075012,"WallaWalla","wheat","46.03125N","118.40625W"
"293","1996-07-13(195)",1995258,1996195,8877.927734,0,264,514.625,"WallaWalla","wheat","46.03125N","118.40625W"
"294","1997-07-21(202)",1996258,1997202,7877.9375,0,312,524.174988,"WallaWalla","wheat","46.03125N","118.40625W"
"295","1998-07-07(188)",1997258,1998188,8339.355469,0,296,351.375,"WallaWalla","wheat","46.03125N","118.40625W"
"296","1999-07-07(188)",1998258,1999188,8235.983398,0,360,322.399994,"WallaWalla","wheat","46.03125N","118.40625W"
"297","2000-07-05(187)",1999258,2000187,8457.838867,0,304,425.5,"WallaWalla","wheat","46.03125N","118.40625W"
"298","2001-07-21(202)",2000258,2001202,6741.062012,0,352,341.075012,"WallaWalla","wheat","46.03125N","118.40625W"
"299","2002-07-08(189)",2001258,2002189,8104.137695,0,368,346.375,"WallaWalla","wheat","46.03125N","118.40625W"
"300","2003-07-06(187)",2002258,2003187,7909.665527,0,280,380.5,"WallaWalla","wheat","46.03125N","118.40625W"
"301","2004-07-09(191)",2003258,2004191,8453.396484,0,248,412.925018,"WallaWalla","wheat","46.03125N","118.40625W"
"302","2005-07-11(192)",2004258,2005192,7785.301758,0,368,281.850006,"WallaWalla","wheat","46.03125N","118.40625W"
"303","2006-07-10(191)",2005258,2006191,8052.45459,0,296,447.924988,"WallaWalla","wheat","46.03125N","118.40625W"
"304","2007-07-19(200)",2006258,2007200,5610.243652,0,336,362.899994,"WallaWalla","wheat","46.03125N","118.40625W"
"305","2008-07-19(201)",2007258,2008201,7038.73584,0,336,335.475006,"WallaWalla","wheat","46.03125N","118.40625W"
"306","2009-07-13(194)",2008258,2009194,7388.697754,0,288,406.874969,"WallaWalla","wheat","46.03125N","118.40625W"
"307","2010-07-16(197)",2009258,2010197,8862.543945,0,328,361.550018,"WallaWalla","wheat","46.03125N","118.40625W"
"308","2011-07-21(202)",2010258,2011202,9145.895508,0,288,538.450012,"WallaWalla","wheat","46.03125N","118.40625W"
"309","2012-07-15(197)",2011258,2012197,8727.661133,0,280,466.075012,"WallaWalla","wheat","46.03125N","118.40625W"
"310","2013-07-05(186)",2012258,2013186,7823.843262,0,280,382.474976,"WallaWalla","wheat","46.03125N","118.40625W"
"311","2014-07-10(191)",2013258,2014191,7162.645996,0,368,357.075012,"WallaWalla","wheat","46.03125N","118.40625W"
"312","2015-06-14(165)",2014258,2015165,8049.916992,0,320,337.450012,"WallaWalla","wheat","46.03125N","118.40625W"
"313","2016-06-19(171)",2015258,2016171,7417.890625,0,352,349.325012,"WallaWalla","wheat","46.03125N","118.40625W"
"314","2017-07-11(192)",2016258,2017192,8348.31543,0,272,474,"WallaWalla","wheat","46.03125N","118.40625W"
"315","2018-07-12(193)",2017258,2018193,6481.490723,0,336,363.449982,"WallaWalla","wheat","46.03125N","118.40625W"
"316","2019-07-15(196)",2018258,2019196,7589.078125,0,280,424.300018,"WallaWalla","wheat","46.03125N","118.40625W"
"317","1980-10-31(305)",1980130,1980305,15054.80176,13350.48633,480,80.125,"Yakima","corn","46.15625N","119.96875W"
"318","1981-11-01(305)",1981130,1981305,15260.26953,13532.69336,480,106.299995,"Yakima","corn","46.15625N","119.96875W"
"319","1982-11-01(305)",1982130,1982305,17966.4082,15932.47754,506.892029,132.800003,"Yakima","corn","46.15625N","119.96875W"
"320","1983-11-01(305)",1983130,1983305,19256.51758,17076.53711,536.901489,75.099998,"Yakima","corn","46.15625N","119.96875W"
"321","1984-10-31(305)",1984130,1984305,11778.81641,10445.36621,420,81.200005,"Yakima","corn","46.15625N","119.96875W"
"322","1985-11-01(305)",1985130,1985305,12064.41895,10698.63672,420,97.175003,"Yakima","corn","46.15625N","119.96875W"
"323","1986-11-01(305)",1986130,1986305,16077.85254,14257.71973,540,71.025002,"Yakima","corn","46.15625N","119.96875W"
"324","1987-11-01(305)",1987130,1987305,14413.89844,12782.1377,510,36.024998,"Yakima","corn","46.15625N","119.96875W"
"325","1988-10-31(305)",1988130,1988305,15717.42969,13938.10059,540,39.900002,"Yakima","corn","46.15625N","119.96875W"
"326","1989-11-01(305)",1989130,1989305,15054.81641,13350.49902,510,56.150002,"Yakima","corn","46.15625N","119.96875W"
"327","1990-11-01(305)",1990130,1990305,10895.2168,9661.796875,390,126.574997,"Yakima","corn","46.15625N","119.96875W"
"328","1991-11-01(305)",1991130,1991305,14986.62988,13290.03223,540,101.099998,"Yakima","corn","46.15625N","119.96875W"
"329","1992-10-31(305)",1992130,1992305,13656.98828,12110.91504,479.835358,84.574997,"Yakima","corn","46.15625N","119.96875W"
"330","1993-11-01(305)",1993130,1993305,19451.30859,17249.27539,568.541077,60.474998,"Yakima","corn","46.15625N","119.96875W"
"331","1994-11-01(305)",1994130,1994305,13077.7041,11597.20996,510,106.324997,"Yakima","corn","46.15625N","119.96875W"
"332","1995-11-01(305)",1995130,1995305,16680.18945,14791.86816,480,91.399994,"Yakima","corn","46.15625N","119.96875W"
"333","1996-10-31(305)",1996130,1996305,12535.89941,11116.74316,450,74.424995,"Yakima","corn","46.15625N","119.96875W"
"334","1997-11-01(305)",1997130,1997305,15230.77441,13506.53809,479.044891,116.599998,"Yakima","corn","46.15625N","119.96875W"
"335","1998-11-01(305)",1998130,1998305,12510.45898,11094.18262,448.518524,85.800003,"Yakima","corn","46.15625N","119.96875W"
"336","1999-11-01(305)",1999130,1999305,12360.48242,10961.18359,450,41.424999,"Yakima","corn","46.15625N","119.96875W"
"337","2000-10-31(305)",2000130,2000305,16609.83789,14729.48047,540,45.899998,"Yakima","corn","46.15625N","119.96875W"
"338","2001-11-01(305)",2001130,2001305,12891.36523,11431.9668,510,64.549995,"Yakima","corn","46.15625N","119.96875W"
"339","2002-11-01(305)",2002130,2002305,15589.22656,13824.40918,539.477051,46.674999,"Yakima","corn","46.15625N","119.96875W"
"340","2003-11-01(305)",2003130,2003305,11130.92383,9870.820312,450,37.724998,"Yakima","corn","46.15625N","119.96875W"
"341","2004-10-31(305)",2004130,2004305,14269.7666,12654.32324,449.93631,110.475006,"Yakima","corn","46.15625N","119.96875W"
"342","2005-11-01(305)",2005130,2005305,14341.76758,12718.17285,540,66.299995,"Yakima","corn","46.15625N","119.96875W"
"343","2006-11-01(305)",2006130,2006305,13705.20801,12153.67676,510,80.674995,"Yakima","corn","46.15625N","119.96875W"
"344","2007-11-01(305)",2007130,2007305,12533.63965,11114.73828,450,69.599998,"Yakima","corn","46.15625N","119.96875W"
"345","2008-10-31(305)",2008130,2008305,15030.48731,13328.92383,510,61.75,"Yakima","corn","46.15625N","119.96875W"
"346","2009-11-01(305)",2009130,2009305,13496.65918,11968.73633,510,72.724998,"Yakima","corn","46.15625N","119.96875W"
"347","2010-11-01(305)",2010130,2010305,12973.99121,11505.23926,420,153.449997,"Yakima","corn","46.15625N","119.96875W"
"348","2011-11-01(305)",2011130,2011305,16416.75977,14558.26074,510,108.599998,"Yakima","corn","46.15625N","119.96875W"
"349","2012-10-31(305)",2012130,2012305,14085.18555,12490.6377,479.971924,106.574997,"Yakima","corn","46.15625N","119.96875W"
"350","2013-11-01(305)",2013130,2013305,12667.7041,11233.625,448.79718,147.449997,"Yakima","corn","46.15625N","119.96875W"
"351","2014-11-01(305)",2014130,2014305,10647.13086,9441.796875,390,90.225006,"Yakima","corn","46.15625N","119.96875W"
"352","2015-11-01(305)",2015130,2015305,11179.66309,9914.041992,450,43.349998,"Yakima","corn","46.15625N","119.96875W"
"353","2016-10-31(305)",2016130,2016305,14029.15625,12440.95117,480,149.900009,"Yakima","corn","46.15625N","119.96875W"
"354","2017-11-01(305)",2017130,2017305,11495.81348,10194.40137,450,47.624996,"Yakima","corn","46.15625N","119.96875W"
"355","2018-11-01(305)",2018130,2018305,14688.00195,13025.20996,540,39.349998,"Yakima","corn","46.15625N","119.96875W"
"356","2019-11-01(305)",2019130,2019305,16028.35742,14213.8291,479.420166,90.075005,"Yakima","corn","46.15625N","119.96875W"
"357","1981-08-15(227)",1980258,1981227,9642.411133,0,560,341.800018,"Yakima","wheat","46.15625N","119.34375W"
"358","1982-08-23(235)",1981258,1982235,8881.208008,0,580,430.5,"Yakima","wheat","46.15625N","119.34375W"
"359","1983-08-15(227)",1982258,1983227,9566.423828,0,580,507.300018,"Yakima","wheat","46.15625N","119.34375W"
"360","1984-08-23(236)",1983258,1984236,8970.612305,0,560,383.975006,"Yakima","wheat","46.15625N","119.34375W"
"361","1985-08-23(235)",1984258,1985235,8212.790039,0,620,270.875,"Yakima","wheat","46.15625N","119.34375W"
"362","1986-08-20(232)",1985258,1986232,8437.958008,0,600,295.300018,"Yakima","wheat","46.15625N","119.34375W"
"363","1987-08-07(219)",1986258,1987219,8881.207031,0,560,299.774994,"Yakima","wheat","46.15625N","119.34375W"
"364","1988-08-09(222)",1987258,1988222,9678.974609,0,520,297.650024,"Yakima","wheat","46.15625N","119.34375W"
"365","1989-08-17(229)",1988258,1989229,9006.946289,0,580,293.375,"Yakima","wheat","46.15625N","119.34375W"
"366","1990-08-04(216)",1989258,1990216,8993.737305,0,520,250.025009,"Yakima","wheat","46.15625N","119.34375W"
"367","1991-08-11(223)",1990258,1991223,9668.048828,0,580,262.899994,"Yakima","wheat","46.15625N","119.34375W"
"368","1992-07-25(207)",1991258,1992207,9063.140625,0,560,287.875,"Yakima","wheat","46.15625N","119.34375W"
"369","1993-08-25(237)",1992258,1993237,9585.769531,0,560,336.774994,"Yakima","wheat","46.15625N","119.34375W"
"370","1994-08-10(222)",1993258,1994222,8283.287109,0,560,201.900009,"Yakima","wheat","46.15625N","119.34375W"
"371","1995-08-05(217)",1994258,1995217,9801.993164,0,500,477.924988,"Yakima","wheat","46.15625N","119.34375W"
"372","1996-08-11(224)",1995258,1996224,9753.869141,0,540,432.100006,"Yakima","wheat","46.15625N","119.34375W"
"373","1997-08-20(232)",1996258,1997232,8657.152344,0,560,451.149994,"Yakima","wheat","46.15625N","119.34375W"
"374","1998-08-10(222)",1997258,1998222,8590.212891,0,500,358.625,"Yakima","wheat","46.15625N","119.34375W"
"375","1999-08-16(228)",1998258,1999228,9919.487305,0,600,355.149994,"Yakima","wheat","46.15625N","119.34375W"
"376","2000-08-05(218)",1999258,2000218,9829.15918,0,580,301.324982,"Yakima","wheat","46.15625N","119.34375W"
"377","2001-08-16(228)",2000258,2001228,8793.276367,0,620,183.599991,"Yakima","wheat","46.15625N","119.34375W"
"378","2002-08-12(224)",2001258,2002224,9124.230469,0,580,315.975006,"Yakima","wheat","46.15625N","119.34375W"
"379","2003-08-02(214)",2002258,2003214,9222.475586,0,560,333.024994,"Yakima","wheat","46.15625N","119.34375W"
"380","2004-08-03(216)",2003258,2004216,9560.928711,0,540,303.649994,"Yakima","wheat","46.15625N","119.34375W"
"381","2005-08-11(223)",2004258,2005223,8093.595703,0,540,221.575012,"Yakima","wheat","46.15625N","119.34375W"
"382","2006-08-13(225)",2005258,2006225,8569.21582,0,540,478.475006,"Yakima","wheat","46.15625N","119.34375W"
"383","2007-08-16(228)",2006258,2007228,8806.671875,0,600,324.899994,"Yakima","wheat","46.15625N","119.34375W"
"384","2008-08-23(236)",2007258,2008236,8729.162109,0,580,331.925018,"Yakima","wheat","46.15625N","119.34375W"
"385","2009-08-10(222)",2008258,2009222,9131.75,0,540,329.375,"Yakima","wheat","46.15625N","119.34375W"
"386","2010-08-15(227)",2009258,2010227,9829.661133,0,520,367.325012,"Yakima","wheat","46.15625N","119.34375W"
"387","2011-08-28(240)",2010258,2011240,10166.76074,0,540,433.200012,"Yakima","wheat","46.15625N","119.34375W"
"388","2012-08-18(231)",2011258,2012231,9210.589844,0,560,336.875,"Yakima","wheat","46.15625N","119.34375W"
"389","2013-08-01(213)",2012258,2013213,9417.492188,0,520,344.100006,"Yakima","wheat","46.15625N","119.34375W"
"390","2014-08-06(218)",2013258,2014218,8603.019531,0,580,299.024994,"Yakima","wheat","46.15625N","119.34375W"
"391","2015-07-20(201)",2014258,2015201,8786.166016,0,540,319.225006,"Yakima","wheat","46.15625N","119.34375W"
"392","2016-07-30(212)",2015258,2016212,9805.155273,0,580,393.125,"Yakima","wheat","46.15625N","119.34375W"
"393","2017-08-07(219)",2016258,2017219,8996.376953,0,560,460.025024,"Yakima","wheat","46.15625N","119.34375W"
"394","2018-08-08(220)",2017258,2018220,8496.535156,0,580,282.375,"Yakima","wheat","46.15625N","119.34375W"
"395","2019-08-14(226)",2018258,2019226,8703.485352,0,560,352.674988,"Yakima","wheat","46.15625N","119.34375W"
"396","1981-07-14(195)",1980258,1981195,10114.12988,0,540,168.950012,"Yakima","wheat","46.21875N","119.34375W"
"397","1982-07-28(209)",1981258,1982209,8744.84082,0,580,228.699997,"Yakima","wheat","46.21875N","119.34375W"
"398","1983-07-21(202)",1982258,1983202,9385.338867,0,560,319.225006,"Yakima","wheat","46.21875N","119.34375W"
"399","1984-07-27(209)",1983258,1984209,9338.991211,0,540,250.425018,"Yakima","wheat","46.21875N","119.34375W"
"400","1985-07-29(210)",1984258,1985210,6403.857422,0,560,144.300003,"Yakima","wheat","46.21875N","119.34375W"
"401","1986-07-28(209)",1985258,1986209,7807.941895,0,580,183.400009,"Yakima","wheat","46.21875N","119.34375W"
"402","1987-07-17(198)",1986258,1987198,7429.947266,0,560,166.5,"Yakima","wheat","46.21875N","119.34375W"
"403","1988-07-13(195)",1987258,1988195,9202.144531,0,560,160.925003,"Yakima","wheat","46.21875N","119.34375W"
"404","1989-07-27(208)",1988258,1989208,7647.078613,0,560,166.300003,"Yakima","wheat","46.21875N","119.34375W"
"405","1990-07-13(194)",1989258,1990194,8837.394531,0,580,136.549988,"Yakima","wheat","46.21875N","119.34375W"
"406","1991-07-18(199)",1990258,1991199,9775.22168,0,620,161.100006,"Yakima","wheat","46.21875N","119.34375W"
"407","1992-06-27(179)",1991258,1992179,7663.435547,0,540,164.474991,"Yakima","wheat","46.21875N","119.34375W"
"408","1993-08-04(216)",1992258,1993216,8593.367188,0,580,207.825012,"Yakima","wheat","46.21875N","119.34375W"
"409","1994-07-23(204)",1993258,1994204,7381.865234,0,580,125.400009,"Yakima","wheat","46.21875N","119.34375W"
"410","1995-07-13(194)",1994258,1995194,9078.742188,0,480,299.075012,"Yakima","wheat","46.21875N","119.34375W"
"411","1996-07-24(206)",1995258,1996206,9318.040039,0,540,242.575012,"Yakima","wheat","46.21875N","119.34375W"
"412","1997-08-02(214)",1996258,1997214,8372.756836,0,540,283.075012,"Yakima","wheat","46.21875N","119.34375W"
"413","1998-07-14(195)",1997258,1998195,9008.208984,0,520,219.175003,"Yakima","wheat","46.21875N","119.34375W"
"414","1999-07-19(200)",1998258,1999200,9182.248047,0,640,153.950012,"Yakima","wheat","46.21875N","119.34375W"
"415","2000-07-13(195)",1999258,2000195,8874.47168,0,580,167.099991,"Yakima","wheat","46.21875N","119.34375W"
"416","2001-07-25(206)",2000258,2001206,7524.19873,0,600,133.599991,"Yakima","wheat","46.21875N","119.34375W"
"417","2002-07-17(198)",2001258,2002198,8901.876953,0,560,183.25,"Yakima","wheat","46.21875N","119.34375W"
"418","2003-07-14(195)",2002258,2003195,8785.373047,0,520,203.949997,"Yakima","wheat","46.21875N","119.34375W"
"419","2004-07-16(198)",2003258,2004198,8867.296875,0,520,190.449997,"Yakima","wheat","46.21875N","119.34375W"
"420","2005-07-18(199)",2004258,2005199,8751.025391,0,580,134.825012,"Yakima","wheat","46.21875N","119.34375W"
"421","2006-07-21(202)",2005258,2006202,8667.308594,0,500,286.875,"Yakima","wheat","46.21875N","119.34375W"
"422","2007-07-28(209)",2006258,2007209,7171.170898,0,580,182.400009,"Yakima","wheat","46.21875N","119.34375W"
"423","2008-07-30(212)",2007258,2008212,7501.860352,0,580,169.274994,"Yakima","wheat","46.21875N","119.34375W"
"424","2009-07-20(201)",2008258,2009201,8101.087402,0,560,174.675003,"Yakima","wheat","46.21875N","119.34375W"
"425","2010-07-26(207)",2009258,2010207,9391.088867,0,540,213.125,"Yakima","wheat","46.21875N","119.34375W"
"426","2011-08-01(213)",2010258,2011213,10453.29883,0,600,247.824997,"Yakima","wheat","46.21875N","119.34375W"
"427","2012-07-23(205)",2011258,2012205,9194.168945,0,560,192.774994,"Yakima","wheat","46.21875N","119.34375W"
"428","2013-07-10(191)",2012258,2013191,8785.373047,0,540,220.225006,"Yakima","wheat","46.21875N","119.34375W"
"429","2014-07-20(201)",2013258,2014201,8446.935547,0,640,138.349991,"Yakima","wheat","46.21875N","119.34375W"
"430","2015-07-01(182)",2014258,2015182,7944.812012,0,580,174.25,"Yakima","wheat","46.21875N","119.34375W"
"431","2016-07-16(198)",2015258,2016198,9094.995117,0,560,231.274994,"Yakima","wheat","46.21875N","119.34375W"
"432","2017-07-24(205)",2016258,2017205,8705.839844,0,500,305.75,"Yakima","wheat","46.21875N","119.34375W"
"433","2018-07-24(205)",2017258,2018205,7546.969727,0,620,160.925003,"Yakima","wheat","46.21875N","119.34375W"
"434","2019-07-30(211)",2018258,2019211,7462.73291,0,580,192.849991,"Yakima","wheat","46.21875N","119.34375W"
